ObjectID,IsPublicDomain,ArtistGender
738885,0,1
261257,0,1
265852,0,1
371940,0,1
16167,0,1
13193,0,1
625234,0,1
388774,0,1
659717,0,1
227333,0,1
433951,0,1
266933,0,1
263592,0,1
491769,0,1
377382,0,1
346972,0,1
259576,0,1
266693,0,1
372423,0,1
661747,0,1
372150,0,1
269311,0,1
496214,0,1
481756,0,1
638563,0,1
557680,0,1
484965,0,1
483502,0,1
483899,0,1
289421,0,1
265414,0,1
557724,0,1
14566,0,1
374755,0,1
497768,0,1
486922,0,1
557787,0,1
393833,0,1
282884,0,1
372330,0,1
485263,0,1
266639,0,1
625101,0,1
384121,0,1
435044,0,1
431233,0,1
306246,0,1
365720,0,1
374542,0,1
375490,0,1
374561,0,1
648683,0,1
648553,0,1
374748,0,1
744097,0,1
650396,0,1
648692,0,1
372021,0,1
375965,0,1
820537,0,1
83224,0,1
94724,0,1
96349,0,1
96043,0,1
93658,0,1
81593,0,1
81216,0,1
168573,0,1
80387,0,1
96579,0,1
97389,0,1
169758,0,1
84472,0,1
174344,0,1
97123,0,1
486221,0,1
643584,0,1
751112,0,1
174413,0,1
130811,0,1
119495,0,1
481946,0,1
491597,0,1
174418,0,1
83981,0,1
84930,0,1
481111,0,1
85162,0,1
174431,0,1
78977,0,1
96984,0,1
492380,0,1
175259,0,1
175126,0,1
82462,0,1
82559,0,1
83445,0,1
98952,0,1
169893,0,1
129615,0,1
172096,0,1
97743,0,1
159340,0,1
79400,0,1
172096,0,1
172097,0,1
175172,0,1
485118,0,1
84021,0,1
13850,0,1
94772,0,1
346425,0,1
13854,0,1
718147,0,1
718141,0,1
13905,0,1
718130,0,1
159406,0,1
716892,0,1
120987,0,1
765684,0,1
751288,0,1
713013,0,1
174820,0,1
17450,1,1
21126,1,1
768783,1,1
14317,1,1
701205,1,1
544638,1,1
352135,1,1
232356,1,1
395517,1,1
382014,0,0
840183,0,0
835020,0,0
32425,0,0
840183,0,0
835020,0,0
32425,0,0
334912,0,0
269133,0,0
747393,0,0
771843,0,0
820845,0,0
36394,0,0
727538,0,0
725391,0,0
838778,0,0
348243,0,0
370509,0,0
481844,0,0
289091,0,0
284076,0,0
382208,0,0
334134,0,0
362814,0,0
273572,0,0
269969,0,0
275929,0,0
709150,0,0
557690,0,0
842444,0,0
656573,0,0
269825,0,0
488360,0,0
386127,0,0
274115,0,0
483300,0,0
734455,0,0
287798,0,0
385264,0,0
406293,0,0
385557,0,0
372078,0,0
740567,0,0
660091,0,0
773473,0,0
486275,0,0
262056,0,0
774902,0,0
738037,0,0
785902,0,0
277375,0,0
278352,0,0
376057,0,0
399935,0,0
374800,0,0
274115,0,0
14393,0,0
265719,0,0
265586,0,0
725717,0,0
271797,0,0
268736,0,0
260637,0,0
839554,0,0
383338,0,0
776692,0,0
14871,0,0
430887,0,0
712059,0,0
734218,0,0
488710,0,0
497642,0,0
262749,0,0
275292,0,0
711842,0,0
273832,0,0
729465,0,0
13064,0,0
341647,0,0
259765,0,0
283488,0,0
269968,0,0
273898,0,0
486005,0,0
72915,0,0
485070,0,0
740582,0,0
424638,0,0
270385,0,0
262331,0,0
656801,0,0
372673,0,0
405725,0,0
273035,0,0
679070,0,0
406391,0,0
288987,0,0
285297,0,0
259679,0,0
727554,0,0
263772,0,0
275474,0,0
404675,0,0
373163,0,0
288347,0,0
374395,0,0
286736,0,0
271389,0,0
335911,0,0
311617,0,0
367850,0,0
712715,0,0
843754,0,0
627526,0,0
771837,0,0
483461,0,0
276207,0,0
627455,0,0
340553,0,0
389814,0,0
822504,0,0
817824,0,0
724975,0,0
400090,0,0
653145,0,0
386187,0,0
259586,0,0
429168,0,0
815302,0,0
268756,0,0
395679,0,0
403809,0,0
815390,0,0
434302,0,0
785554,0,0
311674,0,0
725396,0,0
394490,0,0
284900,0,0
487781,0,0
291135,0,0
482913,0,0
284411,0,0
277890,0,0
482256,0,0
776636,0,0
278003,0,0
276059,0,0
275887,0,0
284888,0,0
656710,0,0
676291,0,0
659724,0,0
740592,0,0
377494,0,0
659658,0,0
706171,0,0
483508,0,0
488677,0,0
283515,0,0
427486,0,0
265691,0,0
266319,0,0
720105,0,0
265129,0,0
368588,0,0
272409,0,0
277930,0,0
486421,0,0
382044,0,0
373559,0,0
282915,0,0
481188,0,0
653226,0,0
375263,0,0
285333,0,0
439349,0,0
483301,0,0
387206,0,0
286095,0,0
494306,0,0
387666,0,0
291126,0,0
484985,0,0
270374,0,0
669190,0,0
493918,0,0
777904,0,0
827154,0,0
277909,0,0
707406,0,0
346154,0,0
482288,0,0
433361,0,0
370475,0,0
51560,0,0
260815,0,0
189247,0,0
276776,0,0
211494,0,0
663092,0,0
272576,0,0
658374,0,0
280256,0,0
263490,0,0
260963,0,0
373025,0,0
365130,0,0
660174,0,0
406361,0,0
649569,0,0
342183,0,0
728025,0,0
264140,0,0
744625,0,0
267635,0,0
277831,0,0
732369,0,0
281885,0,0
780912,0,0
460100,0,0
10376,0,0
486348,0,0
835956,0,0
633133,0,0
362814,0,0
264655,0,0
716363,0,0
720118,0,0
773399,0,0
770037,0,0
16418,0,0
197798,0,0
399827,0,0
347708,0,0
775046,0,0
701039,0,0
268725,0,0
299443,0,0
16277,0,0
36302,0,0
277622,0,0
733776,0,0
311490,0,0
685970,0,0
665933,0,0
780795,0,0
288957,0,0
75906,0,0
260101,0,0
405974,0,0
482620,0,0
191199,0,0
265288,0,0
818141,0,0
484304,0,0
775166,0,0
274272,0,0
262873,0,0
700203,0,0
483369,0,0
696431,0,0
692543,0,0
272114,0,0
405523,0,0
664055,0,0
716317,0,0
278400,0,0
834276,0,0
497616,0,0
13074,0,0
734487,0,0
493704,0,0
680850,0,0
270736,0,0
486177,0,0
757763,0,0
487846,0,0
482671,0,0
432201,0,0
781480,0,0
282622,0,0
632246,0,0
493566,0,0
370948,0,0
633011,0,0
394585,0,0
259722,0,0
266179,0,0
785844,0,0
373224,0,0
282499,0,0
775074,0,0
399664,0,0
260042,0,0
394581,0,0
274873,0,0
496504,0,0
264260,0,0
437367,0,0
286409,0,0
285694,0,0
261044,0,0
722494,0,0
746367,0,0
284200,0,0
486111,0,0
282600,0,0
275541,0,0
265521,0,0
267339,0,0
697669,0,0
63665,0,0
359065,0,0
334570,0,0
483308,0,0
266011,0,0
680085,0,0
626216,0,0
282124,0,0
724690,0,0
275014,0,0
276286,0,0
36399,0,0
311390,0,0
489136,0,0
357473,0,0
706146,0,0
284160,0,0
405276,0,0
265037,0,0
265099,0,0
591622,0,0
757814,0,0
13173,0,0
406011,0,0
361432,0,0
459562,0,0
742913,0,0
384140,0,0
669089,0,0
482008,0,0
270465,0,0
274605,0,0
484458,0,0
259782,0,0
20043,0,0
391999,0,0
771813,0,0
639778,0,0
285850,0,0
363577,0,0
271147,0,0
278027,0,0
729536,0,0
262592,0,0
274128,0,0
282587,0,0
727848,0,0
823124,0,0
688503,0,0
270042,0,0
781251,0,0
421529,0,0
406455,0,0
385534,0,0
773413,0,0
262452,0,0
264047,0,0
260672,0,0
264558,0,0
661737,0,0
353972,0,0
270675,0,0
418112,0,0
491600,0,0
287885,0,0
776621,0,0
491342,0,0
491472,0,0
698240,0,0
404676,0,0
838751,0,0
483207,0,0
399670,0,0
702293,0,0
265417,0,0
626195,0,0
271639,0,0
692579,0,0
685339,0,0
36250,0,0
282937,0,0
260917,0,0
337650,0,0
654397,0,0
278230,0,0
266508,0,0
632316,0,0
385814,0,0
754938,0,0
461180,0,0
262029,0,0
724686,0,0
263947,0,0
358522,0,0
425049,0,0
773386,0,0
701847,0,0
277150,0,0
459262,0,0
274523,0,0
785829,0,0
785552,0,0
338512,0,0
486047,0,0
260105,0,0
380782,0,0
693092,0,0
392093,0,0
271047,0,0
823132,0,0
36408,0,0
275651,0,0
367152,0,0
285540,0,0
487968,0,0
259996,0,0
427470,0,0
284398,0,0
707304,0,0
15454,0,0
36325,0,0
360021,0,0
276173,0,0
732163,0,0
384667,0,0
496634,0,0
664040,0,0
261108,0,0
44274,0,0
309674,0,0
734597,0,0
367640,0,0
354583,0,0
702957,0,0
776739,0,0
496738,0,0
664010,0,0
728319,0,0
385805,0,0
11686,0,0
273153,0,0
272576,0,0
277836,0,0
268726,0,0
738428,0,0
284662,0,0
814611,0,0
748729,0,0
488906,0,0
263525,0,0
288353,0,0
694898,0,0
459215,0,0
210283,0,0
362667,0,0
732149,0,0
460097,0,0
269815,0,0
276211,0,0
272974,0,0
272351,0,0
209142,0,0
695524,0,0
405711,0,0
489374,0,0
49793,0,0
72288,0,0
656721,0,0
738053,0,0
819151,0,0
776675,0,0
273658,0,0
286588,0,0
492765,0,0
811379,0,0
718503,0,0
270760,0,0
838126,0,0
774209,0,0
424302,0,0
775202,0,0
338262,0,0
632159,0,0
270131,0,0
264465,0,0
362340,0,0
652848,0,0
496631,0,0
260680,0,0
42053,0,0
393225,0,0
486737,0,0
775028,0,0
16753,0,0
285192,0,0
282254,0,0
819186,0,0
740585,0,0
265307,0,0
707441,0,0
273395,0,0
484867,0,0
398266,0,0
491727,0,0
369839,0,0
824085,0,0
265028,0,0
483610,0,0
748864,0,0
371297,0,0
490941,0,0
269801,0,0
274001,0,0
11084,0,0
261940,0,0
288332,0,0
11640,0,0
389244,0,0
357497,0,0
361475,0,0
274046,0,0
484258,0,0
632461,0,0
302291,0,0
302516,0,0
392045,0,0
483412,0,0
276208,0,0
638500,0,0
382885,0,0
278151,0,0
698268,0,0
261990,0,0
635582,0,0
275049,0,0
713359,0,0
274318,0,0
701440,0,0
264473,0,0
286408,0,0
724691,0,0
754676,0,0
496363,0,0
384607,0,0
438666,0,0
299347,0,0
388693,0,0
12273,0,0
282499,0,0
495311,0,0
485916,0,0
338418,0,0
365351,0,0
366237,0,0
259882,0,0
650120,0,0
788405,0,0
482078,0,0
732139,0,0
391928,0,0
715193,0,0
267399,0,0
407220,0,0
280286,0,0
10563,0,0
728286,0,0
275260,0,0
734639,0,0
817415,0,0
656618,0,0
687827,0,0
484294,0,0
282216,0,0
12066,0,0
725362,0,0
485073,0,0
682108,0,0
744949,0,0
63684,0,0
259577,0,0
343035,0,0
488400,0,0
275579,0,0
421871,0,0
265961,0,0
284223,0,0
274593,0,0
727664,0,0
436312,0,0
430384,0,0
386326,0,0
386326,0,0
384059,0,0
384059,0,0
384059,0,0
384059,0,0
384059,0,0
384059,0,0
384059,0,0
384059,0,0
384059,0,0
384059,0,0
349110,0,0
786171,0,0
371171,0,0
759631,0,0
760533,0,0
760290,0,0
759627,0,0
760101,0,0
371171,0,0
759631,0,0
760533,0,0
760290,0,0
759627,0,0
760101,0,0
371241,0,0
349928,0,0
395036,0,0
395018,0,0
63628,0,0
341249,0,0
831070,0,0
388115,0,0
837817,0,0
629181,0,0
341111,0,0
381469,0,0
814466,0,0
643964,0,0
408106,0,0
376930,0,0
310013,0,0
310085,0,0
385680,0,0
632061,0,0
401956,0,0
395940,0,0
762644,0,0
422797,0,0
312014,0,0
623793,0,0
351068,0,0
638235,0,0
370998,0,0
839498,0,0
627101,0,0
399118,0,0
407627,0,0
416667,0,0
628096,0,0
628023,0,0
635738,0,0
414141,0,0
310005,0,0
345702,0,0
338978,0,0
632065,0,0
392130,0,0
391660,0,0
638296,0,0
762603,0,0
380779,0,0
310017,0,0
388244,0,0
634200,0,0
626372,0,0
751047,0,0
638184,0,0
647324,0,0
433161,0,0
335409,0,0
433495,0,0
413127,0,0
365369,0,0
286804,0,0
411887,0,0
398167,0,0
828615,0,0
625608,0,0
355386,0,0
364434,0,0
623593,0,0
629367,0,0
343984,0,0
426043,0,0
370203,0,0
265668,0,0
382194,0,0
263182,0,0
646482,0,0
751455,0,0
412719,0,0
370796,0,0
631759,0,0
764023,0,0
627053,0,0
334600,0,0
432764,0,0
421093,0,0
830867,0,0
422788,0,0
334242,0,0
394240,0,0
646120,0,0
630081,0,0
843524,0,0
634168,0,0
364114,0,0
261234,0,0
365811,0,0
715595,0,0
423837,0,0
370233,0,0
643622,0,0
647766,0,0
381166,0,0
654548,0,0
677887,0,0
648573,0,0
347330,0,0
766472,0,0
361375,0,0
197023,0,0
645465,0,0
352963,0,0
744184,0,0
371566,0,0
660493,0,0
680012,0,0
283151,0,0
680040,0,0
676984,0,0
17177,0,0
17421,0,0
17068,0,0
17261,0,0
17085,0,0
17342,0,0
352425,0,0
424265,0,0
290429,0,0
685697,0,0
685652,0,0
284475,0,0
685531,0,0
709100,0,0
709139,0,0
364928,0,0
263654,0,0
261956,0,0
412232,0,0
712409,0,0
373243,0,0
262975,0,0
263144,0,0
639541,0,0
270945,0,0
722547,0,0
655640,0,0
639585,0,0
397136,0,0
364939,0,0
263645,0,0
638614,0,0
639591,0,0
369980,0,0
409726,0,0
411832,0,0
366068,0,0
408767,0,0
666305,0,0
368622,0,0
375952,0,0
340922,0,0
410588,0,0
334558,0,0
431381,0,0
408771,0,0
400378,0,0
431883,0,0
408710,0,0
368843,0,0
642680,0,0
643981,0,0
646468,0,0
640322,0,0
412205,0,0
398610,0,0
410149,0,0
365188,0,0
431301,0,0
381913,0,0
374637,0,0
347129,0,0
433309,0,0
374156,0,0
398989,0,0
399059,0,0
374932,0,0
360172,0,0
422478,0,0
374267,0,0
426463,0,0
399317,0,0
410199,0,0
421213,0,0
288441,0,0
431562,0,0
631878,0,0
397080,0,0
397180,0,0
780537,0,0
653338,0,0
431839,0,0
359687,0,0
355754,0,0
381059,0,0
431325,0,0
676823,0,0
650420,0,0
396153,0,0
398254,0,0
356542,0,0
431522,0,0
397390,0,0
406590,0,0
401834,0,0
427331,0,0
431193,0,0
435394,0,0
781342,0,0
403989,0,0
393088,0,0
381914,0,0
769535,0,0
398915,0,0
432008,0,0
652650,0,0
432821,0,0
434094,0,0
370235,0,0
306186,0,0
355426,0,0
647790,0,0
629124,0,0
427339,0,0
346861,0,0
342385,0,0
347188,0,0
398195,0,0
427540,0,0
431726,0,0
426811,0,0
432290,0,0
430983,0,0
372061,0,0
643985,0,0
401254,0,0
401271,0,0
398216,0,0
374507,0,0
491779,0,0
383493,0,0
398856,0,0
404410,0,0
426829,0,0
343622,0,0
370436,0,0
404210,0,0
335724,0,0
397082,0,0
382775,0,0
632029,0,0
641045,0,0
633567,0,0
775540,0,0
373292,0,0
655964,0,0
738387,0,0
369924,0,0
426396,0,0
639391,0,0
426387,0,0
645922,0,0
688391,0,0
681711,0,0
411204,0,0
688641,0,0
690141,0,0
688571,0,0
397731,0,0
435189,0,0
435189,0,0
435194,0,0
347367,0,0
381860,0,0
358762,0,0
773531,0,0
387214,0,0
340842,0,0
366912,0,0
722519,0,0
814388,0,0
349591,0,0
358822,0,0
344438,0,0
353758,0,0
352661,0,0
347152,0,0
353818,0,0
276647,0,0
368701,0,0
371831,0,0
354369,0,0
276449,0,0
351056,0,0
355692,0,0
346077,0,0
344841,0,0
347830,0,0
352485,0,0
348451,0,0
359132,0,0
357336,0,0
358091,0,0
344975,0,0
356609,0,0
353294,0,0
276655,0,0
276485,0,0
283741,0,0
276634,0,0
353916,0,0
276637,0,0
726819,0,0
712201,0,0
346130,0,0
356234,0,0
354067,0,0
708037,0,0
358591,0,0
355680,0,0
822334,0,0
349194,0,0
820680,0,0
353132,0,0
357759,0,0
351265,0,0
371972,0,0
390121,0,0
366149,0,0
348060,0,0
345728,0,0
348143,0,0
350047,0,0
359483,0,0
335579,0,0
357454,0,0
387901,0,0
357002,0,0
349802,0,0
350976,0,0
373653,0,0
346479,0,0
355705,0,0
351374,0,0
357271,0,0
356611,0,0
364916,0,0
367349,0,0
381869,0,0
648812,0,0
357635,0,0
356958,0,0
346279,0,0
359210,0,0
354208,0,0
351395,0,0
350927,0,0
380955,0,0
350869,0,0
449679,0,0
92094,0,0
155721,0,0
109996,0,0
100806,0,0
105056,0,0
174392,0,0
105066,0,0
107220,0,0
92400,0,0
175102,0,0
81818,0,0
105416,0,0
93674,0,0
86691,0,0
153615,0,0
480612,0,0
495407,0,0
349499,0,0
110074,0,0
81066,0,0
487054,0,0
143847,0,0
92169,0,0
105207,0,0
81007,0,0
818053,0,0
729949,0,0
489188,0,0
82728,0,0
81278,0,0
84801,0,0
78950,0,0
687486,0,0
91387,0,0
486172,0,0
96952,0,0
145286,0,0
81013,0,0
92224,0,0
484660,0,0
110225,0,0
155732,0,0
155973,0,0
79790,0,0
158062,0,0
80863,0,0
86527,0,0
95496,0,0
742381,0,0
175459,0,0
500030,0,0
95293,0,0
79299,0,0
97546,0,0
485992,0,0
143847,0,0
106019,0,0
121573,0,0
79631,0,0
656329,0,0
120642,0,0
86492,0,0
80200,0,0
145300,0,0
137309,0,0
156257,0,0
488283,0,0
121393,0,0
486587,0,0
121789,0,0
489312,0,0
81521,0,0
137528,0,0
489455,0,0
489218,0,0
103589,0,0
110099,0,0
88679,0,0
92485,0,0
495353,0,0
94630,0,0
108953,0,0
82756,0,0
92032,0,0
143990,0,0
105803,0,0
105497,0,0
96239,0,0
175339,0,0
98954,0,0
130326,0,0
95465,0,0
725308,0,0
85323,0,0
130300,0,0
100482,0,0
85334,0,0
105507,0,0
100443,0,0
83046,0,0
81474,0,0
95460,0,0
121236,0,0
84517,0,0
83428,0,0
96763,0,0
127686,0,0
175675,0,0
174580,0,0
79315,0,0
96631,0,0
98778,0,0
83617,0,0
114467,0,0
100971,0,0
126859,0,0
349520,0,0
494932,0,0
357749,0,0
9425,0,0
13515,0,0
13521,0,0
481580,0,0
487595,0,0
831156,0,0
485113,0,0
823331,0,0
480354,0,0
486420,0,0
487884,0,0
482797,0,0
172078,0,0
746271,0,0
363112,0,0
346163,0,0
92361,0,0
418800,0,0
366198,0,0
647340,0,0
647377,0,0
705444,0,0
681665,0,0
355219,0,0
682809,0,0
821789,0,0
361002,0,0
361114,0,0
745871,0,0
742440,0,0
187960,0,0
353798,0,0
354946,0,0
345955,0,0
355876,0,0
346145,0,0
346903,0,0
430511,0,0
382890,0,0
426925,0,0
354283,0,0
383223,0,0
381267,0,0
660787,0,0
425734,0,0
335741,0,0
426224,0,0
660429,0,0
660445,0,0
426162,0,0
826747,0,0
198718,0,0
193608,0,0
3610,0,0
825963,0,0
209114,0,0
7891,0,0
198130,0,0
17478,0,0
502398,0,0
841665,0,0
504883,0,0
21307,0,0
8027,0,0
1324,0,0
189275,0,0
200015,0,0
504095,0,0
20731,0,0
206748,0,0
9716,0,0
204541,0,0
191646,0,0
17530,0,0
504314,0,0
16718,0,0
200843,0,0
237727,0,0
211022,0,0
210976,0,0
211041,0,0
191227,0,0
838288,0,0
843358,0,0
751301,0,0
843211,0,0
840650,0,0
113723,0,0
91632,0,0
751287,0,0
760184,0,0
748385,0,0
190751,0,0
828643,0,0
765399,0,0
835240,0,0
21626,0,0
113723,0,0
378079,0,0
114593,0,0
20316,0,0
839667,0,0
191771,0,0
173892,0,0
503817,0,0
838046,0,0
380265,0,0
379695,0,0
499939,0,0
84334,0,0
158807,0,0
169998,0,0
480264,0,0
14033,0,0
480451,0,0
831153,0,0
490252,0,0
485179,0,0
14027,0,0
490865,0,0
9321,0,0
480461,0,0
480071,0,0
484975,0,0
480438,0,0
19967,0,0
314935,0,0
553048,0,0
174185,0,0
353217,0,0
820987,0,0
33812,0,0
29738,0,0
255931,0,0
80575,0,0
51244,0,0
318097,0,0
314981,0,0
252232,0,0
559657,0,0
696686,0,0
317716,0,0
747332,0,0
290161,0,0
105460,0,0
102307,0,0
285354,0,0
8096,0,0
826973,0,0
450267,0,0
173700,0,0
27741,0,0
314673,0,0
190326,0,0
318268,0,0
9886,0,0
106414,0,0
224281,0,0
124500,0,0
760909,0,0
215724,0,0
121708,0,0
185324,0,0
553244,0,0
577272,0,0
289818,0,0
567688,0,0
27631,0,0
550069,0,0
61763,0,0
813932,0,0
760910,0,0
383700,0,0
556244,0,0
712543,0,0
200496,0,0
650863,0,0
63578,0,0
30491,0,0
563313,0,0
26927,0,0
124025,0,0
255969,0,0
113187,0,0
51626,0,0
219203,0,0
309768,0,0
568568,0,0
215008,0,0
28138,0,0
355932,0,0
317008,0,0
109508,0,0
248765,0,0
464993,0,0
501929,0,0
312134,0,0
569699,0,0
781633,0,0
837987,0,0
192003,0,0
252375,0,0
248615,0,0
221340,0,0
563474,0,0
205494,0,0
784095,0,0
227367,0,0
550685,0,0
814535,0,0
91765,0,0
504220,0,0
785269,0,0
119685,0,0
549422,0,0
124191,0,0
784413,0,0
455382,0,0
769090,0,0
250809,0,0
561327,0,0
245152,0,0
250970,0,0
216027,0,0
248355,0,0
248918,0,0
28395,0,0
211932,0,0
786474,0,0
444457,0,0
658910,0,0
22421,0,0
318247,0,0
310806,0,0
572152,0,0
120939,0,0
201489,0,0
120363,0,0
545649,0,0
317628,0,0
559429,0,0
558532,0,0
289843,0,0
30037,0,0
554182,0,0
28871,0,0
91802,0,0
225201,0,0
310184,0,0
552835,0,0
457256,0,0
558487,0,0
562903,0,0
16808,0,0
216054,0,0
254029,0,0
168550,0,0
568893,0,0
573229,0,0
563307,0,0
489096,0,0
502170,0,0
564518,0,0
215901,0,0
104093,0,0
569622,0,0
38717,0,0
254080,0,0
24198,0,0
122152,0,0
37495,0,0
317180,0,0
313856,0,0
554217,0,0
552989,0,0
31316,0,0
564560,0,0
746215,0,0
567826,0,0
313946,0,0
465351,0,0
561241,0,0
571910,0,0
240883,0,0
363404,0,0
114152,0,0
558935,0,0
314672,0,0
455498,0,0
343787,0,0
362727,0,0
689816,0,0
569734,0,0
558767,0,0
70948,0,0
239872,0,0
26604,0,0
84459,0,0
225978,0,0
569686,0,0
196301,0,0
217369,0,0
69564,0,0
781641,0,0
289811,0,0
32155,0,0
71986,0,0
456897,0,0
545840,0,0
570480,0,0
257775,0,0
223858,0,0
550679,0,0
103449,0,0
587604,0,0
571177,0,0
553513,0,0
89802,0,0
504835,0,0
689635,0,0
784508,0,0
107095,0,0
564220,0,0
559943,0,0
569552,0,0
838842,0,0
231888,0,0
30347,0,0
52545,0,0
28615,0,0
226063,0,0
227435,0,0
236654,0,0
211766,0,0
501000,0,0
548803,0,0
310341,0,0
22784,0,0
290012,0,0
32287,0,0
24412,0,0
568539,0,0
545650,0,0
390476,0,0
504923,0,0
252226,0,0
315954,0,0
558721,0,0
548497,0,0
22118,0,0
100316,0,0
552939,0,0
458461,0,0
545667,0,0
70379,0,0
784493,0,0
319211,0,0
552807,0,0
720181,0,0
244768,0,0
505362,0,0
824109,0,0
38745,0,0
69449,0,0
587903,0,0
32396,0,0
377756,0,0
548800,0,0
117644,0,0
573716,0,0
314273,0,0
450137,0,0
505987,0,0
247127,0,0
558746,0,0
192587,0,0
218443,0,0
22534,0,0
70830,0,0
116653,0,0
169186,0,0
16147,0,0
27761,0,0
190427,0,0
501407,0,0
558622,0,0
230832,0,0
122603,0,0
218952,0,0
569624,0,0
571323,0,0
570375,0,0
8977,0,0
313765,0,0
310995,0,0
466601,0,0
247195,0,0
85651,0,0
225877,0,0
246881,0,0
555447,0,0
315990,0,0
61691,0,0
569137,0,0
16735,0,0
315886,0,0
555117,0,0
29419,0,0
554166,0,0
563853,0,0
785237,0,0
544380,0,0
314907,0,0
24056,0,0
211957,0,0
311739,0,0
554257,0,0
173644,0,0
109376,0,0
80400,0,0
590524,0,0
467432,0,0
334504,0,0
74964,0,0
7327,0,0
545665,0,0
555677,0,0
120530,0,0
675893,0,0
251127,0,0
751564,0,0
550620,0,0
119056,0,0
566755,0,0
451216,0,0
187994,0,0
217097,0,0
38745,0,0
23063,0,0
122240,0,0
27248,0,0
690985,0,0
734998,0,0
571042,0,0
191453,0,0
123762,0,0
819804,0,0
174284,0,0
473701,0,0
822661,0,0
211775,0,0
559627,0,0
106212,0,0
33716,0,0
782045,0,0
255293,0,0
243073,0,0
545830,0,0
568903,0,0
555251,0,0
189842,0,0
543918,0,0
503597,0,0
34026,0,0
502126,0,0
241352,0,0
311591,0,0
227677,0,0
316040,0,0
227782,0,0
173582,0,0
211558,0,0
107439,0,0
785320,0,0
504713,0,0
763238,0,0
670686,0,0
25615,0,0
29804,0,0
450237,0,0
560644,0,0
318009,0,0
371593,0,0
309809,0,0
22037,0,0
32750,0,0
127265,0,0
552883,0,0
311509,0,0
786412,0,0
30474,0,0
314026,0,0
569922,0,0
568406,0,0
217410,0,0
820050,0,0
567748,0,0
30865,0,0
31721,0,0
35781,0,0
549439,0,0
780196,0,0
208095,0,0
253509,0,0
225898,0,0
546222,0,0
192621,0,0
556740,0,0
692183,0,0
240858,0,0
126454,0,0
339525,0,0
28560,0,0
549944,0,0
22255,0,0
103014,0,0
74287,0,0
156414,0,0
216106,0,0
89935,0,0
218129,0,0
309632,0,0
570626,0,0
283027,0,0
253878,0,0
63500,0,0
561352,0,0
100550,0,0
503066,0,0
173828,0,0
505245,0,0
113067,0,0
552593,0,0
69547,0,0
52537,0,0
108548,0,0
314772,0,0
545948,0,0
825902,0,0
62362,0,0
254005,0,0
190005,0,0
561824,0,0
225200,0,0
554188,0,0
119604,0,0
37575,0,0
706646,0,0
815147,0,0
22420,0,0
504128,0,0
121842,0,0
248250,0,0
219111,0,0
33695,0,0
316464,0,0
650865,0,0
122197,0,0
576705,0,0
311407,0,0
558682,0,0
198174,0,0
225900,0,0
127186,0,0
243355,0,0
555989,0,0
320834,0,0
35303,0,0
22952,0,0
319211,0,0
231847,0,0
1252,0,0
557649,0,0
636830,0,0
311948,0,0
384131,0,0
451158,0,0
547256,0,0
8941,0,0
501950,0,0
559781,0,0
174528,0,0
563917,0,0
170445,0,0
211578,0,0
100779,0,0
659489,0,0
168358,0,0
28249,0,0
562857,0,0
746285,0,0
314593,0,0
224187,0,0
124393,0,0
113967,0,0
24430,0,0
545405,0,0
456895,0,0
447704,0,0
31016,0,0
820951,0,0
214290,0,0
383593,0,0
550163,0,0
212007,0,0
784210,0,0
254165,0,0
464249,0,0
32540,0,0
211783,0,0
311326,0,0
785013,0,0
355084,0,0
827541,0,0
253999,0,0
26817,0,0
61296,0,0
311688,0,0
71731,0,0
780513,0,0
563301,0,0
775444,0,0
560806,0,0
313766,0,0
317672,0,0
69093,0,0
192549,0,0
649867,0,0
568778,0,0
30462,0,0
28322,0,0
44406,0,0
211848,0,0
217500,0,0
502192,0,0
174595,0,0
51642,0,0
313914,0,0
670607,0,0
24281,0,0
554643,0,0
246722,0,0
559554,0,0
558940,0,0
34227,0,0
569332,0,0
32722,0,0
782164,0,0
124912,0,0
553246,0,0
555272,0,0
546165,0,0
251856,0,0
114044,0,0
730748,0,0
458729,0,0
826356,0,0
784794,0,0
502836,0,0
29028,0,0
25578,0,0
562537,0,0
780372,0,0
68650,0,0
225653,0,0
128739,0,0
558479,0,0
552642,0,0
79352,0,0
554817,0,0
568285,0,0
784825,0,0
568173,0,0
77260,0,0
556682,0,0
255471,0,0
190203,0,0
562927,0,0
554840,0,0
564346,0,0
505162,0,0
290064,0,0
114129,0,0
37575,0,0
24994,0,0
456215,0,0
248046,0,0
20437,0,0
31990,0,0
114419,0,0
562381,0,0
715178,0,0
544737,0,0
554246,0,0
316212,0,0
13835,0,0
290357,0,0
347449,0,0
450998,0,0
447688,0,0
244808,0,0
774344,0,0
564651,0,0
215074,0,0
768493,0,0
354386,0,0
173414,0,0
65767,0,0
502360,0,0
567974,0,0
314570,0,0
563144,0,0
563842,0,0
170017,0,0
785346,0,0
309926,0,0
125690,0,0
784698,0,0
187066,0,0
129933,0,0
662793,0,0
500535,0,0
117033,0,0
746770,0,0
555344,0,0
356307,0,0
558887,0,0
3688,0,0
320654,0,0
117562,0,0
820850,0,0
110247,0,0
71797,0,0
217467,0,0
780328,0,0
215348,0,0
114051,0,0
545948,0,0
230705,0,0
214329,0,0
213339,0,0
504551,0,0
563295,0,0
547678,0,0
552529,0,0
22690,0,0
554211,0,0
827566,0,0
563968,0,0
554778,0,0
170570,0,0
785516,0,0
28946,0,0
228804,0,0
104335,0,0
663400,0,0
570463,0,0
548454,0,0
757185,0,0
249576,0,0
170384,0,0
254092,0,0
464673,0,0
564498,0,0
553324,0,0
186890,0,0
242575,0,0
109275,0,0
56455,0,0
116103,0,0
553966,0,0
48865,0,0
63261,0,0
86240,0,0
30425,0,0
571214,0,0
371607,0,0
827232,0,0
504876,0,0
243715,0,0
4381,0,0
109519,0,0
563494,0,0
213689,0,0
312320,0,0
355919,0,0
173777,0,0
356304,0,0
558614,0,0
255988,0,0
59893,0,0
223831,0,0
213136,0,0
249124,0,0
559504,0,0
266593,0,0
254161,0,0
76117,0,0
88870,0,0
357442,0,0
548558,0,0
120567,0,0
285358,0,0
283039,0,0
50438,0,0
777337,0,0
778536,0,0
570986,0,0
562407,0,0
60684,0,0
225989,0,0
218347,0,0
318261,0,0
229219,0,0
570249,0,0
555600,0,0
215802,0,0
115659,0,0
367777,0,0
812327,0,0
820509,0,0
685747,0,0
780739,0,0
709107,0,0
709188,0,0
348590,0,0
335905,0,0
353607,0,0
365620,0,0
362348,0,0
410358,0,0
406096,0,0
666272,0,0
716500,0,0
410890,0,0
411436,0,0
411293,0,0
342402,0,0
690221,0,0
370071,0,0
645936,0,0
411399,0,0
349493,0,0
813928,0,0
410996,0,0
342029,0,0
344509,0,0
748411,0,0
358066,0,0
628819,0,0
696315,0,0
626915,0,0
717824,0,0
715000,0,0
637340,0,0
400493,0,0
696882,0,0
819008,0,0
629892,0,0
775634,0,0
725973,0,0
680176,0,0
676843,0,0
346132,0,0
636048,0,0
657229,0,0
652453,0,0
779380,0,0
688063,0,0
634721,0,0
635207,0,0
764159,0,0
656394,0,0
841160,0,0
748522,0,0
434546,0,0
425633,0,0
683230,0,0
419357,0,0
419243,0,0
653354,0,0
418274,0,0
724883,0,0
727742,0,0
777556,0,0
778596,0,0
779063,0,0
761789,0,0
744599,0,0
652031,0,0
841338,0,0
719758,0,0
764035,0,0
682025,0,0
418295,0,0
726934,0,0
402083,0,0
717715,0,0
652678,0,0
726451,0,0
716482,0,0
813882,0,0
840838,0,0
695012,0,0
653623,0,0
635233,0,0
712922,0,0
631369,0,0
777374,0,0
350295,0,0
774609,0,0
684805,0,0
433770,0,0
779569,0,0
434498,0,0
727003,0,0
634272,0,0
634258,0,0
719227,0,0
827150,0,0
346259,0,0
651948,0,0
629584,0,0
733819,0,0
626930,0,0
720675,0,0
766897,0,0
367673,0,0
419464,0,0
727738,0,0
777184,0,0
637014,0,0
651753,0,0
717911,0,0
775633,0,0
839835,0,0
434050,0,0
635507,0,0
710370,0,0
715900,0,0
651893,0,0
636073,0,0
412972,0,0
657237,0,0
634810,0,0
762303,0,0
727389,0,0
686678,0,0
727258,0,0
638793,0,0
775869,0,0
695094,0,0
635085,0,0
775847,0,0
413460,0,0
422898,0,0
761601,0,0
413615,0,0
635544,0,0
722706,0,0
646448,0,0
626923,0,0
684095,0,0
428312,0,0
693958,0,0
778835,0,0
726843,0,0
420674,0,0
682027,0,0
646390,0,0
402631,0,0
779379,0,0
657517,0,0
631593,0,0
774596,0,0
720677,0,0
433764,0,0
380558,0,0
434510,0,0
624899,0,0
666012,0,0
377562,0,0
388629,0,0
634780,0,0
434655,0,0
403012,0,0
777562,0,0
403533,0,0
779896,0,0
651860,0,0
636800,0,0
842982,0,0
757728,0,0
344422,0,0
400246,0,0
715234,0,0
666227,0,0
637095,0,0
779244,0,0
403347,0,0
714261,0,0
722014,0,0
779799,0,0
779270,0,0
365604,0,0
653886,0,0
715854,0,0
842966,0,0
627009,0,0
401730,0,0
724787,0,0
402343,0,0
634751,0,0
417940,0,0
402648,0,0
697180,0,0
403046,0,0
841141,0,0
717203,0,0
684281,0,0
727744,0,0
719165,0,0
715832,0,0
693767,0,0
716503,0,0
778295,0,0
777258,0,0
347743,0,0
350749,0,0
638473,0,0
725232,0,0
840830,0,0
652800,0,0
726047,0,0
635525,0,0
629697,0,0
347153,0,0
684464,0,0
403652,0,0
717805,0,0
644932,0,0
715756,0,0
419734,0,0
433744,0,0
653854,0,0
776985,0,0
840061,0,0
771655,0,0
635953,0,0
403337,0,0
841737,0,0
824803,0,0
402410,0,0
654735,0,0
652652,0,0
775983,0,0
717404,0,0
778548,0,0
663472,0,0
747851,0,0
778449,0,0
428032,0,0
824524,0,0
694102,0,0
716417,0,0
652262,0,0
688046,0,0
719451,0,0
412482,0,0
724918,0,0
655193,0,0
726459,0,0
777376,0,0
769433,0,0
389000,0,0
422018,0,0
354116,0,0
663630,0,0
390760,0,0
750925,0,0
634561,0,0
361195,0,0
665980,0,0
825495,0,0
823246,0,0
781417,0,0
419379,0,0
345541,0,0
390744,0,0
369669,0,0
824549,0,0
778580,0,0
711790,0,0
380509,0,0
747150,0,0
369669,0,0
843367,0,0
722482,0,0
757863,0,0
416193,0,0
769408,0,0
629016,0,0
821359,0,0
385389,0,0
712685,0,0
692367,0,0
698488,0,0
830866,0,0
654563,0,0
628867,0,0
654662,0,0
789389,0,0
626552,0,0
626510,0,0
653383,0,0
784894,0,0
629025,0,0
629136,0,0
729241,0,0
701008,0,0
835608,0,0
350225,0,0
760402,0,0
346236,0,0
684499,0,0
729804,0,0
727055,0,0
419037,0,0
350278,0,0
355206,0,0
661213,0,0
683302,0,0
425327,0,0
425330,0,0
662428,0,0
426849,0,0
425153,0,0
426865,0,0
400600,0,0
772069,0,0
408832,0,0
354412,0,0
344993,0,0
381960,0,0
690016,0,0
350033,0,0
781134,0,0
649851,0,0
659573,0,0
355595,0,0
648923,0,0
427940,0,0
650625,0,0
425060,0,0
781241,0,0
778179,0,0
13439,0,0
175011,0,0
174504,0,0
821383,0,0
840969,0,0
361559,0,0
654102,0,0
355563,0,0
725170,0,0
370653,0,0
24357,0,0
426664,0,0
426892,0,0
426469,0,0
426889,0,0
388084,1,0
36786,1,0
385976,1,0
428919,1,0
264364,1,0
429859,1,0
346400,1,0
400044,1,0
335534,1,0
341618,1,0
51584,1,0
364650,1,0
45606,1,0
73619,1,0
670933,1,0
346339,1,0
429657,1,0
710311,1,0
403582,1,0
57288,1,0
55841,1,0
340800,1,0
340264,1,0
56021,1,0
717686,1,0
710318,1,0
344000,1,0
269005,1,0
78713,1,0
333826,1,0
48993,1,0
193420,1,0
787896,1,0
390159,1,0
56947,1,0
418168,1,0
45263,1,0
371904,1,0
288694,1,0
341325,1,0
391395,1,0
11100,1,0
338226,1,0
11776,1,0
338094,1,0
625299,1,0
188437,1,0
15537,1,0
342441,1,0
39654,1,0
340672,1,0
335299,1,0
437512,1,0
385769,1,0
228998,1,0
261314,1,0
645344,1,0
11313,1,0
56602,1,0
437795,1,0
286131,1,0
372670,1,0
57319,1,0
18447,1,0
197476,1,0
436757,1,0
364211,1,0
352898,1,0
818920,1,0
437056,1,0
411170,1,0
436477,1,0
816844,1,0
73611,1,0
338444,1,0
819503,1,0
288523,1,0
836113,1,0
291786,1,0
334659,1,0
459759,1,0
38043,1,0
739881,1,0
430138,1,0
55602,1,0
343236,1,0
335649,1,0
645313,1,0
571715,1,0
16527,1,0
339910,1,0
340704,1,0
36652,1,0
291767,1,0
338270,1,0
333866,1,0
40090,1,0
460188,1,0
348889,1,0
343702,1,0
16009,1,0
399278,1,0
288532,1,0
360734,1,0
460812,1,0
41813,1,0
336478,1,0
735311,1,0
16199,1,0
400210,1,0
399537,1,0
291918,1,0
55064,1,0
358062,1,0
349831,1,0
358949,1,0
12798,1,0
720472,1,0
811587,1,0
399391,1,0
364491,1,0
264953,1,0
412393,1,0
348036,1,0
669303,1,0
291912,1,0
344403,1,0
11625,1,0
438727,1,0
437922,1,0
437608,1,0
286155,1,0
333940,1,0
72263,1,0
435960,1,0
355643,1,0
197096,1,0
57200,1,0
364358,1,0
49061,1,0
358010,1,0
829319,1,0
343590,1,0
376793,1,0
63337,1,0
382344,1,0
399594,1,0
306786,1,0
460486,1,0
78747,1,0
269187,1,0
359181,1,0
388415,1,0
766693,1,0
757282,1,0
341125,1,0
711641,1,0
73447,1,0
400229,1,0
55803,1,0
397468,1,0
196738,1,0
36593,1,0
459038,1,0
196792,1,0
343845,1,0
359050,1,0
49471,1,0
13320,1,0
459452,1,0
400992,1,0
270857,1,0
36478,1,0
829960,1,0
15754,1,0
190796,1,0
333775,1,0
287782,1,0
430484,1,0
37007,1,0
382505,1,0
264589,1,0
386087,1,0
394473,1,0
401025,1,0
190623,1,0
390597,1,0
269088,1,0
55565,1,0
372497,1,0
336845,1,0
306904,1,0
437064,1,0
54344,1,0
287346,1,0
392077,1,0
294508,1,0
347927,1,0
209258,1,0
10541,1,0
391106,1,0
54321,1,0
459461,1,0
15324,1,0
625043,1,0
380646,1,0
385268,1,0
372802,1,0
70647,1,0
709083,1,0
461500,1,0
16897,1,0
338791,1,0
360379,1,0
263042,1,0
828859,1,0
337250,1,0
381425,1,0
640243,1,0
367171,1,0
726480,1,0
336199,1,0
54525,1,0
367163,1,0
78772,1,0
397954,1,0
351530,1,0
666197,1,0
228849,1,0
429572,1,0
291806,1,0
645770,1,0
11764,1,0
11605,1,0
287699,1,0
36700,1,0
720481,1,0
55242,1,0
337043,1,0
336217,1,0
54862,1,0
398243,1,0
682672,1,0
54713,1,0
362775,1,0
306857,1,0
345848,1,0
334987,1,0
403245,1,0
55737,1,0
13039,1,0
459669,1,0
365878,1,0
336507,1,0
54061,1,0
191484,1,0
10569,1,0
237794,1,0
56066,1,0
58039,1,0
191195,1,0
56036,1,0
363672,1,0
459624,1,0
339650,1,0
13489,1,0
45281,1,0
57937,1,0
77014,1,0
340127,1,0
343675,1,0
393510,1,0
306871,1,0
261314,1,0
336698,1,0
44601,1,0
15353,1,0
372635,1,0
390682,1,0
11404,1,0
338212,1,0
364448,1,0
396662,1,0
387431,1,0
199006,1,0
78591,1,0
391046,1,0
16986,1,0
436295,1,0
344087,1,0
488099,1,0
474389,1,0
338964,1,0
437509,1,0
397019,1,0
834320,1,0
15055,1,0
436033,1,0
363198,1,0
365726,1,0
338105,1,0
825542,1,0
660567,1,0
371002,1,0
734054,1,0
429607,1,0
207684,1,0
340247,1,0
12496,1,0
55318,1,0
348601,1,0
412736,1,0
836119,1,0
18354,1,0
459466,1,0
382803,1,0
650848,1,0
73454,1,0
670264,1,0
54147,1,0
336683,1,0
338200,1,0
334989,1,0
380699,1,0
16513,1,0
12519,1,0
338398,1,0
404839,1,0
340298,1,0
58910,1,0
338341,1,0
380989,1,0
198388,1,0
386356,1,0
372971,1,0
338196,1,0
372595,1,0
436297,1,0
269767,1,0
58202,1,0
382417,1,0
360048,1,0
393246,1,0
436509,1,0
285466,1,0
334785,1,0
271282,1,0
405840,1,0
359960,1,0
10455,1,0
55898,1,0
772726,1,0
54316,1,0
345778,1,0
344065,1,0
261322,1,0
624286,1,0
14609,1,0
56862,1,0
720535,1,0
362066,1,0
624948,1,0
430149,1,0
416046,1,0
336538,1,0
359844,1,0
358730,1,0
339197,1,0
400097,1,0
16434,1,0
735490,1,0
393221,1,0
340887,1,0
399776,1,0
460930,1,0
188421,1,0
288508,1,0
571714,1,0
459404,1,0
11986,1,0
773615,1,0
13413,1,0
16104,1,0
290463,1,0
464509,1,0
36035,1,0
691083,1,0
341594,1,0
366236,1,0
49154,1,0
816218,1,0
813864,1,0
813827,1,0
708337,1,0
383236,1,0
13096,1,0
45441,1,0
418464,1,0
408618,1,0
706480,1,0
352460,1,0
388282,1,0
752029,1,0
367693,1,0
396933,1,0
682815,1,0
51745,1,0
680884,1,0
405374,1,0
384942,1,0
437189,1,0
204523,1,0
208736,1,0
773288,1,0
345419,1,0
397012,1,0
63205,1,0
816018,1,0
385674,1,0
373039,1,0
384991,1,0
815767,1,0
343386,1,0
51744,1,0
369134,1,0
51896,1,0
384952,1,0
5160,1,0
369244,1,0
5161,1,0
369161,1,0
417415,1,0
287295,1,0
648137,1,0
814853,1,0
765392,1,0
832742,1,0
389916,1,0
345655,1,0
414875,1,0
36011,1,0
360194,1,0
812862,1,0
418608,1,0
817546,1,0
394199,1,0
342825,1,0
386268,1,0
668745,1,0
418542,1,0
384902,1,0
345471,1,0
394225,1,0
634347,1,0
815012,1,0
210798,1,0
830079,1,0
288151,1,0
788229,1,0
268561,1,0
268453,1,0
268387,1,0
268406,1,0
268495,1,0
268337,1,0
268551,1,0
268487,1,0
823768,1,0
828328,1,0
368601,1,0
630107,1,0
659646,1,0
786769,1,0
288152,1,0
771988,1,0
399832,1,0
394443,1,0
394424,1,0
423181,1,0
416882,1,0
452162,1,0
385572,1,0
358804,1,0
427323,1,0
819894,1,0
669449,1,0
665550,1,0
669029,1,0
361764,1,0
418076,1,0
416897,1,0
204620,1,0
428493,1,0
383024,1,0
739730,1,0
416878,1,0
186726,1,0
186756,1,0
186717,1,0
389562,1,0
268260,1,0
626264,1,0
12728,1,0
268131,1,0
268183,1,0
268259,1,0
336600,1,0
394930,1,0
679894,1,0
204758,1,0
263222,1,0
286995,1,0
735907,1,0
416816,1,0
261819,1,0
261897,1,0
287032,1,0
742430,1,0
393940,1,0
754063,1,0
333858,1,0
354643,1,0
391787,1,0
419949,1,0
419955,1,0
392574,1,0
811558,1,0
401323,1,0
700316,1,0
419092,1,0
397593,1,0
377483,1,0
425776,1,0
388654,1,0
811914,1,0
420485,1,0
337356,1,0
401346,1,0
392283,1,0
392965,1,0
811100,1,0
399158,1,0
376394,1,0
409977,1,0
811084,1,0
739820,1,0
398981,1,0
398978,1,0
396196,1,0
391449,1,0
391445,1,0
821784,1,0
678085,1,0
737960,1,0
638665,1,0
395135,1,0
403381,1,0
391817,1,0
341629,1,0
384003,1,0
360097,1,0
359601,1,0
362282,1,0
361857,1,0
337348,1,0
398585,1,0
770893,1,0
447302,1,0
451428,1,0
369332,1,0
333802,1,0
661141,1,0
395545,1,0
27911,1,0
453391,1,0
655946,1,0
196024,1,0
196079,1,0
203192,1,0
416904,1,0
168921,1,0
711224,1,0
652965,1,0
363091,1,0
84561,1,0
80116,1,0
9414,1,0
9412,1,0
9403,1,0
660978,1,0
662188,1,0
662196,1,0
660588,1,0
662968,1,0
405251,1,0
395651,1,0
813194,1,0
343642,1,0
361664,1,0
361658,1,0
361020,1,0
354227,1,0
201715,1,0
189002,1,0
203566,1,0
191212,1,0
193062,1,0
232101,1,0
204060,1,0
195216,1,0
199025,1,0
207144,1,0
192822,1,0
203606,1,0
203408,1,0
657341,1,0
34931,1,0
268085,1,0
268285,1,0
267967,1,0
337191,1,0
340824,1,0
397986,1,0
338373,1,0
339923,1,0
335925,1,0
25670,1,0
812923,1,0
380849,1,0
414404,1,0
408643,1,0
702334,1,0
407981,1,0
711511,1,0
702330,1,0
409835,1,0
409703,1,0
202793,1,0
9044,1,0
25297,1,0
1480,1,0
8391,1,0
227047,1,0
9364,1,0
8025,1,0
9151,1,0
500547,1,0
20178,1,0
200113,1,0
198998,1,0
206973,1,0
237087,1,0
4754,1,0
2342,1,0
196352,1,0
770967,1,0
199332,1,0
503893,1,0
199435,1,0
821352,1,0
200289,1,0
200170,1,0
200347,1,0
237850,1,0
501612,1,0
715539,1,0
8371,1,0
206231,1,0
7546,1,0
503049,1,0
199411,1,0
231573,1,0
8223,1,0
198836,1,0
9780,1,0
9615,1,0
504009,1,0
187189,1,0
4950,1,0
200155,1,0
8793,1,0
6573,1,0
16857,1,0
188490,1,0
8672,1,0
204579,1,0
801,1,0
188857,1,0
202905,1,0
2671,1,0
200145,1,0
7566,1,0
204682,1,0
236122,1,0
188857,1,0
4577,1,0
503347,1,0
7843,1,0
770922,1,0
5374,1,0
206419,1,0
200757,1,0
207230,1,0
236751,1,0
5600,1,0
13407,1,0
207694,1,0
200398,1,0
192888,1,0
194096,1,0
773049,1,0
5837,1,0
204538,1,0
201766,1,0
199167,1,0
227405,1,0
203162,1,0
207053,1,0
200649,1,0
207068,1,0
209355,1,0
658670,1,0
205137,1,0
198651,1,0
205991,1,0
189036,1,0
205956,1,0
203238,1,0
18861,1,0
378139,1,0
379746,1,0
379975,1,0
380055,1,0
378883,1,0
227649,1,0
379357,1,0
378655,1,0
378570,1,0
378527,1,0
378329,1,0
378865,1,0
378962,1,0
378282,1,0
378537,1,0
3740,1,0
378227,1,0
378216,1,0
379587,1,0
378485,1,0
379030,1,0
675957,1,0
203033,1,0
207196,1,0
22723,1,0
5995,1,0
569689,1,0
713465,1,0
251283,1,0
683512,1,0
461030,1,0
327154,1,0
552026,1,0
308468,1,0
314476,1,0
759939,1,0
240296,1,0
326030,1,0
249401,1,0
75407,1,0
450004,1,0
214119,1,0
251620,1,0
41107,1,0
242629,1,0
59808,1,0
501395,1,0
454023,1,0
60611,1,0
554938,1,0
668936,1,0
463387,1,0
214919,1,0
688474,1,0
363283,1,0
221432,1,0
46911,1,0
445324,1,0
468058,1,0
307974,1,0
250592,1,0
215178,1,0
13855,1,0
39911,1,0
546213,1,0
62644,1,0
206355,1,0
249061,1,0
308108,1,0
547214,1,0
221104,1,0
127593,1,0
461362,1,0
547525,1,0
40743,1,0
446584,1,0
460890,1,0
734,1,0
108410,1,0
678428,1,0
316931,1,0
472184,1,0
252757,1,0
24321,1,0
721405,1,0
72167,1,0
61571,1,0
322014,1,0
12986,1,0
240512,1,0
683631,1,0
42076,1,0
247429,1,0
467185,1,0
74892,1,0
709977,1,0
250908,1,0
249879,1,0
560391,1,0
559975,1,0
729106,1,0
309227,1,0
68274,1,0
22348,1,0
245464,1,0
243633,1,0
465791,1,0
63755,1,0
116948,1,0
241109,1,0
670273,1,0
699435,1,0
157648,1,0
288731,1,0
334040,1,0
469873,1,0
753064,1,0
207002,1,0
444163,1,0
102311,1,0
324936,1,0
257018,1,0
363264,1,0
468657,1,0
60325,1,0
321957,1,0
317054,1,0
241444,1,0
547555,1,0
252852,1,0
67277,1,0
46187,1,0
565433,1,0
242039,1,0
544125,1,0
590377,1,0
8271,1,0
713410,1,0
559168,1,0
471559,1,0
252344,1,0
51422,1,0
308603,1,0
246753,1,0
308837,1,0
241480,1,0
547746,1,0
447204,1,0
205238,1,0
695741,1,0
31419,1,0
38646,1,0
194614,1,0
50423,1,0
158376,1,0
693547,1,0
189658,1,0
551970,1,0
201114,1,0
475369,1,0
250176,1,0
251626,1,0
670305,1,0
196043,1,0
463141,1,0
227869,1,0
449652,1,0
708848,1,0
200612,1,0
43657,1,0
61716,1,0
193332,1,0
451806,1,0
225160,1,0
116217,1,0
251618,1,0
29148,1,0
691881,1,0
464695,1,0
749978,1,0
338849,1,0
203277,1,0
694240,1,0
222242,1,0
544434,1,0
68923,1,0
252887,1,0
316819,1,0
683761,1,0
62016,1,0
463376,1,0
316296,1,0
158097,1,0
463672,1,0
52555,1,0
245550,1,0
670470,1,0
243398,1,0
42031,1,0
310569,1,0
591054,1,0
52609,1,0
40910,1,0
753066,1,0
753059,1,0
71776,1,0
98060,1,0
623266,1,0
4084,1,0
683615,1,0
772482,1,0
312929,1,0
69938,1,0
187615,1,0
346321,1,0
214548,1,0
214348,1,0
721930,1,0
568343,1,0
52579,1,0
195799,1,0
317429,1,0
548847,1,0
550565,1,0
62671,1,0
62853,1,0
772247,1,0
323841,1,0
249506,1,0
237990,1,0
472248,1,0
254929,1,0
61083,1,0
308951,1,0
321956,1,0
322585,1,0
103157,1,0
824537,1,0
559023,1,0
60141,1,0
57372,1,0
215488,1,0
693399,1,0
449017,1,0
565410,1,0
43903,1,0
168469,1,0
572183,1,0
308846,1,0
216607,1,0
210085,1,0
445289,1,0
691799,1,0
60108,1,0
721605,1,0
245892,1,0
742340,1,0
733522,1,0
62119,1,0
168629,1,0
71883,1,0
251998,1,0
29478,1,0
247822,1,0
21676,1,0
465742,1,0
197654,1,0
59322,1,0
31242,1,0
444238,1,0
118755,1,0
108091,1,0
108092,1,0
50486,1,0
710008,1,0
185867,1,0
544249,1,0
69287,1,0
703496,1,0
560485,1,0
47569,1,0
38679,1,0
14120,1,0
548935,1,0
733419,1,0
444110,1,0
552186,1,0
225176,1,0
127511,1,0
249452,1,0
209854,1,0
448354,1,0
545722,1,0
310059,1,0
29560,1,0
241434,1,0
30908,1,0
50914,1,0
50129,1,0
570198,1,0
772243,1,0
693371,1,0
245510,1,0
696063,1,0
220803,1,0
220033,1,0
198909,1,0
254875,1,0
157869,1,0
693194,1,0
213195,1,0
37856,1,0
219472,1,0
478861,1,0
548052,1,0
57394,1,0
49915,1,0
243312,1,0
669682,1,0
686994,1,0
206591,1,0
198109,1,0
45620,1,0
470899,1,0
194585,1,0
100170,1,0
625943,1,0
59756,1,0
764250,1,0
247232,1,0
241114,1,0
308511,1,0
475004,1,0
39188,1,0
449722,1,0
308981,1,0
112715,1,0
317277,1,0
546657,1,0
68519,1,0
62392,1,0
91863,1,0
251259,1,0
218796,1,0
5948,1,0
68246,1,0
50165,1,0
59037,1,0
244421,1,0
186318,1,0
4257,1,0
63052,1,0
678598,1,0
684576,1,0
713706,1,0
220649,1,0
762719,1,0
59339,1,0
86913,1,0
552394,1,0
586,1,0
19726,1,0
324730,1,0
556962,1,0
625896,1,0
379614,1,0
195366,1,0
315545,1,0
547920,1,0
551517,1,0
450318,1,0
468313,1,0
683683,1,0
756159,1,0
107208,1,0
5271,1,0
308736,1,0
244180,1,0
229308,1,0
467229,1,0
67851,1,0
254775,1,0
327477,1,0
369749,1,0
318546,1,0
683768,1,0
98388,1,0
69670,1,0
251134,1,0
108081,1,0
243059,1,0
552411,1,0
41433,1,0
728536,1,0
42963,1,0
735917,1,0
42576,1,0
42707,1,0
224657,1,0
199349,1,0
560413,1,0
246482,1,0
90775,1,0
555653,1,0
443301,1,0
68547,1,0
228407,1,0
444597,1,0
689277,1,0
42742,1,0
465540,1,0
252099,1,0
23698,1,0
382501,1,0
460527,1,0
31809,1,0
200775,1,0
64212,1,0
741864,1,0
464075,1,0
555337,1,0
69795,1,0
41294,1,0
242355,1,0
668539,1,0
451195,1,0
218803,1,0
445483,1,0
68244,1,0
325659,1,0
451941,1,0
38356,1,0
63102,1,0
547399,1,0
250412,1,0
678544,1,0
766020,1,0
257124,1,0
59779,1,0
245884,1,0
29695,1,0
38983,1,0
667507,1,0
313459,1,0
257083,1,0
551699,1,0
40047,1,0
326828,1,0
750417,1,0
559543,1,0
314871,1,0
195739,1,0
42118,1,0
196855,1,0
228730,1,0
315354,1,0
823759,1,0
457165,1,0
215406,1,0
59967,1,0
169682,1,0
461037,1,0
468378,1,0
66562,1,0
749135,1,0
69913,1,0
315151,1,0
193884,1,0
227170,1,0
240030,1,0
691731,1,0
52409,1,0
554948,1,0
254281,1,0
42241,1,0
561643,1,0
224487,1,0
41103,1,0
571944,1,0
41132,1,0
43624,1,0
25043,1,0
196351,1,0
215054,1,0
3109,1,0
469814,1,0
34482,1,0
173345,1,0
448645,1,0
226568,1,0
464854,1,0
189579,1,0
320804,1,0
26367,1,0
464831,1,0
324068,1,0
548014,1,0
61200,1,0
75877,1,0
62408,1,0
443271,1,0
315664,1,0
500748,1,0
678334,1,0
70630,1,0
51037,1,0
691660,1,0
23637,1,0
191719,1,0
449197,1,0
84304,1,0
472317,1,0
824493,1,0
227062,1,0
71304,1,0
42911,1,0
65008,1,0
8008,1,0
116973,1,0
102447,1,0
668904,1,0
230123,1,0
201423,1,0
223483,1,0
63890,1,0
477270,1,0
703559,1,0
752868,1,0
242266,1,0
456952,1,0
218014,1,0
113293,1,0
315574,1,0
473682,1,0
34784,1,0
196297,1,0
475509,1,0
38298,1,0
326401,1,0
468557,1,0
5883,1,0
224819,1,0
547580,1,0
554918,1,0
22198,1,0
70633,1,0
13689,1,0
392696,1,0
89970,1,0
46243,1,0
562351,1,0
27688,1,0
38571,1,0
737093,1,0
683315,1,0
346493,1,0
323761,1,0
3758,1,0
560474,1,0
753156,1,0
41100,1,0
686862,1,0
214859,1,0
461245,1,0
63435,1,0
463536,1,0
49714,1,0
59110,1,0
737304,1,0
741806,1,0
446484,1,0
444075,1,0
241319,1,0
247795,1,0
22392,1,0
221263,1,0
109179,1,0
457858,1,0
63861,1,0
457643,1,0
240225,1,0
699104,1,0
477757,1,0
42165,1,0
564550,1,0
318471,1,0
256771,1,0
227371,1,0
209613,1,0
327786,1,0
555831,1,0
453460,1,0
202497,1,0
451444,1,0
704017,1,0
312589,1,0
3798,1,0
49514,1,0
230158,1,0
43010,1,0
60436,1,0
321827,1,0
444447,1,0
228448,1,0
632104,1,0
31638,1,0
547010,1,0
445708,1,0
692047,1,0
678571,1,0
555037,1,0
759791,1,0
766185,1,0
327431,1,0
241586,1,0
573130,1,0
699101,1,0
214223,1,0
45449,1,0
39097,1,0
670451,1,0
463132,1,0
223465,1,0
501373,1,0
449092,1,0
192891,1,0
554606,1,0
318282,1,0
37819,1,0
66667,1,0
107654,1,0
194414,1,0
689527,1,0
320054,1,0
465091,1,0
218229,1,0
367451,1,0
255481,1,0
50643,1,0
326672,1,0
550923,1,0
324853,1,0
38959,1,0
457137,1,0
70130,1,0
452077,1,0
547287,1,0
41312,1,0
4573,1,0
246145,1,0
445599,1,0
21981,1,0
1007,1,0
461430,1,0
67767,1,0
25590,1,0
327503,1,0
313263,1,0
323918,1,0
547028,1,0
194369,1,0
704198,1,0
729085,1,0
447197,1,0
446894,1,0
31024,1,0
243013,1,0
733296,1,0
447292,1,0
740967,1,0
62645,1,0
448213,1,0
823651,1,0
66682,1,0
223583,1,0
40690,1,0
189738,1,0
718586,1,0
550565,1,0
669684,1,0
170547,1,0
251427,1,0
326016,1,0
708970,1,0
321615,1,0
41757,1,0
772530,1,0
98243,1,0
229769,1,0
196836,1,0
670430,1,0
220722,1,0
157868,1,0
212893,1,0
204172,1,0
102338,1,0
768161,1,0
252550,1,0
449755,1,0
703810,1,0
60810,1,0
678396,1,0
500646,1,0
448269,1,0
244028,1,0
89,1,0
544740,1,0
203634,1,0
252634,1,0
323410,1,0
323369,1,0
222650,1,0
240998,1,0
157319,1,0
33470,1,0
386571,1,0
242617,1,0
250638,1,0
547055,1,0
545099,1,0
40118,1,0
319234,1,0
69263,1,0
76595,1,0
683539,1,0
52087,1,0
704337,1,0
447099,1,0
325818,1,0
66513,1,0
26771,1,0
65887,1,0
445458,1,0
308191,1,0
217054,1,0
742216,1,0
694348,1,0
315554,1,0
547465,1,0
195952,1,0
696039,1,0
216800,1,0
67357,1,0
188480,1,0
249920,1,0
327668,1,0
59912,1,0
471803,1,0
12884,1,0
464137,1,0
240089,1,0
327615,1,0
65777,1,0
72832,1,0
718551,1,0
249596,1,0
363282,1,0
62100,1,0
64310,1,0
252441,1,0
186319,1,0
31457,1,0
555574,1,0
49700,1,0
471016,1,0
750534,1,0
544891,1,0
456222,1,0
62118,1,0
47175,1,0
386782,1,0
66182,1,0
50992,1,0
244069,1,0
254424,1,0
718741,1,0
83878,1,0
82879,1,0
39361,1,0
759953,1,0
468212,1,0
291838,1,0
58377,1,0
327825,1,0
556631,1,0
324200,1,0
326802,1,0
255385,1,0
50198,1,0
40287,1,0
249184,1,0
209958,1,0
544966,1,0
98445,1,0
549713,1,0
745257,1,0
312872,1,0
762900,1,0
9088,1,0
699248,1,0
242528,1,0
248160,1,0
9090,1,0
202570,1,0
740150,1,0
772289,1,0
443993,1,0
64297,1,0
252444,1,0
448625,1,0
443424,1,0
545151,1,0
552159,1,0
219958,1,0
205767,1,0
627,1,0
457708,1,0
90132,1,0
547042,1,0
326564,1,0
553174,1,0
61694,1,0
81708,1,0
667551,1,0
451741,1,0
225081,1,0
41710,1,0
76605,1,0
252930,1,0
556946,1,0
321975,1,0
244359,1,0
752814,1,0
29466,1,0
44432,1,0
467345,1,0
327191,1,0
257831,1,0
53660,1,0
243789,1,0
678449,1,0
49397,1,0
53600,1,0
460722,1,0
200227,1,0
468860,1,0
559101,1,0
35047,1,0
207677,1,0
247988,1,0
44693,1,0
72824,1,0
40097,1,0
62445,1,0
31758,1,0
186445,1,0
202976,1,0
141692,1,0
750359,1,0
203796,1,0
195197,1,0
695398,1,0
717100,1,0
450037,1,0
449093,1,0
737230,1,0
752900,1,0
46937,1,0
827080,1,0
308328,1,0
465807,1,0
38677,1,0
71676,1,0
106971,1,0
61265,1,0
196633,1,0
190258,1,0
244388,1,0
66397,1,0
721820,1,0
253216,1,0
315122,1,0
326701,1,0
452563,1,0
69040,1,0
551058,1,0
206273,1,0
212513,1,0
561747,1,0
457771,1,0
216884,1,0
323571,1,0
463340,1,0
466485,1,0
340632,1,0
363341,1,0
737524,1,0
315243,1,0
46087,1,0
196861,1,0
571020,1,0
454527,1,0
317345,1,0
315129,1,0
554869,1,0
68732,1,0
38642,1,0
558277,1,0
39803,1,0
241098,1,0
47843,1,0
230858,1,0
699229,1,0
309159,1,0
470825,1,0
452201,1,0
67844,1,0
205241,1,0
839901,1,0
568367,1,0
72000,1,0
129602,1,0
467537,1,0
30764,1,0
39634,1,0
741572,1,0
446051,1,0
158302,1,0
549198,1,0
223373,1,0
244726,1,0
315255,1,0
98414,1,0
695191,1,0
242284,1,0
39803,1,0
249363,1,0
44008,1,0
755906,1,0
27754,1,0
445300,1,0
59850,1,0
313020,1,0
41307,1,0
750157,1,0
451125,1,0
322263,1,0
193237,1,0
443258,1,0
193978,1,0
466125,1,0
247818,1,0
34875,1,0
25170,1,0
216460,1,0
560471,1,0
33489,1,0
737209,1,0
68239,1,0
243330,1,0
448809,1,0
733178,1,0
241236,1,0
70353,1,0
201001,1,0
196115,1,0
157571,1,0
753478,1,0
316433,1,0
363097,1,0
721813,1,0
551604,1,0
551231,1,0
695330,1,0
325183,1,0
25770,1,0
457847,1,0
215414,1,0
338058,1,0
250516,1,0
452296,1,0
740110,1,0
545909,1,0
39449,1,0
48451,1,0
466298,1,0
53278,1,0
667690,1,0
325845,1,0
250657,1,0
325497,1,0
3414,1,0
242082,1,0
560245,1,0
220998,1,0
63389,1,0
472299,1,0
242045,1,0
39033,1,0
8663,1,0
451995,1,0
195309,1,0
564926,1,0
562036,1,0
322193,1,0
25450,1,0
565395,1,0
824650,1,0
671149,1,0
48235,1,0
113098,1,0
67802,1,0
49985,1,0
46342,1,0
224437,1,0
193321,1,0
460583,1,0
465591,1,0
40464,1,0
576750,1,0
545673,1,0
49392,1,0
29928,1,0
62453,1,0
243310,1,0
463189,1,0
44433,1,0
322994,1,0
190487,1,0
189131,1,0
257407,1,0
254825,1,0
230797,1,0
553776,1,0
192181,1,0
328950,1,0
252470,1,0
40229,1,0
721527,1,0
749907,1,0
445271,1,0
240272,1,0
324966,1,0
109150,1,0
62584,1,0
669822,1,0
65988,1,0
241173,1,0
695258,1,0
721438,1,0
451099,1,0
363534,1,0
62348,1,0
733201,1,0
740842,1,0
42533,1,0
251258,1,0
39273,1,0
447754,1,0
742077,1,0
11715,1,0
53259,1,0
199534,1,0
14897,1,0
186209,1,0
667586,1,0
52807,1,0
26452,1,0
454767,1,0
34115,1,0
24004,1,0
554983,1,0
465610,1,0
49102,1,0
49717,1,0
201994,1,0
547136,1,0
465639,1,0
460174,1,0
468223,1,0
474488,1,0
686737,1,0
158350,1,0
230306,1,0
667668,1,0
217404,1,0
468401,1,0
170430,1,0
49351,1,0
363389,1,0
317304,1,0
708770,1,0
208349,1,0
249592,1,0
247697,1,0
204526,1,0
552001,1,0
461587,1,0
471122,1,0
696170,1,0
471315,1,0
326117,1,0
678366,1,0
325935,1,0
709386,1,0
253785,1,0
442932,1,0
51417,1,0
256785,1,0
90586,1,0
475569,1,0
310586,1,0
67214,1,0
214884,1,0
689352,1,0
48216,1,0
699145,1,0
60517,1,0
704015,1,0
549591,1,0
321858,1,0
214954,1,0
215617,1,0
37623,1,0
308709,1,0
45552,1,0
156841,1,0
445538,1,0
242870,1,0
212536,1,0
198151,1,0
334033,1,0
252072,1,0
750015,1,0
764320,1,0
703966,1,0
206845,1,0
68826,1,0
449415,1,0
445873,1,0
29284,1,0
257143,1,0
66713,1,0
57609,1,0
443375,1,0
51056,1,0
709631,1,0
59503,1,0
188311,1,0
240564,1,0
33253,1,0
464922,1,0
548776,1,0
190035,1,0
209722,1,0
223518,1,0
22262,1,0
463363,1,0
558108,1,0
446707,1,0
692104,1,0
696150,1,0
239776,1,0
25686,1,0
42707,1,0
51131,1,0
67936,1,0
90121,1,0
48443,1,0
248310,1,0
67871,1,0
9835,1,0
41382,1,0
551062,1,0
64897,1,0
41091,1,0
318327,1,0
451803,1,0
753209,1,0
4297,1,0
168474,1,0
61223,1,0
42042,1,0
49245,1,0
44526,1,0
561749,1,0
315430,1,0
84213,1,0
208263,1,0
472078,1,0
558199,1,0
317226,1,0
465068,1,0
16368,1,0
315380,1,0
98047,1,0
558022,1,0
53775,1,0
764365,1,0
229633,1,0
251144,1,0
469772,1,0
64312,1,0
82081,1,0
557577,1,0
737190,1,0
67327,1,0
42252,1,0
226598,1,0
695920,1,0
31895,1,0
699290,1,0
689585,1,0
5964,1,0
221507,1,0
728953,1,0
6301,1,0
558091,1,0
466804,1,0
251013,1,0
449502,1,0
759823,1,0
325912,1,0
218828,1,0
696142,1,0
464151,1,0
251483,1,0
500709,1,0
203889,1,0
443057,1,0
446161,1,0
753254,1,0
326409,1,0
7934,1,0
321581,1,0
326384,1,0
699400,1,0
471629,1,0
466556,1,0
460154,1,0
41535,1,0
205384,1,0
325001,1,0
170046,1,0
39066,1,0
750402,1,0
61785,1,0
43693,1,0
212342,1,0
451128,1,0
750396,1,0
460634,1,0
340182,1,0
38991,1,0
470750,1,0
26774,1,0
200059,1,0
212286,1,0
6396,1,0
102760,1,0
689231,1,0
314699,1,0
34374,1,0
766218,1,0
50039,1,0
191017,1,0
48473,1,0
256979,1,0
450005,1,0
207659,1,0
450252,1,0
591008,1,0
62184,1,0
683672,1,0
205843,1,0
250599,1,0
212481,1,0
718677,1,0
196290,1,0
29249,1,0
196647,1,0
48910,1,0
553820,1,0
703773,1,0
445240,1,0
187442,1,0
209982,1,0
84221,1,0
312651,1,0
188181,1,0
767265,1,0
474758,1,0
547664,1,0
226512,1,0
313397,1,0
327391,1,0
34904,1,0
254775,1,0
222654,1,0
34457,1,0
696101,1,0
51078,1,0
90550,1,0
38022,1,0
214576,1,0
214394,1,0
61042,1,0
825929,1,0
174650,1,0
321623,1,0
223341,1,0
6780,1,0
25674,1,0
213005,1,0
559094,1,0
52041,1,0
448673,1,0
2410,1,0
39622,1,0
241359,1,0
27096,1,0
755924,1,0
347964,1,0
196713,1,0
253680,1,0
464474,1,0
46859,1,0
251588,1,0
444429,1,0
42421,1,0
186449,1,0
250236,1,0
40470,1,0
310483,1,0
159181,1,0
468877,1,0
772549,1,0
749949,1,0
222750,1,0
322453,1,0
548777,1,0
218603,1,0
22624,1,0
243336,1,0
678532,1,0
230339,1,0
558472,1,0
159213,1,0
104792,1,0
469900,1,0
241671,1,0
667591,1,0
249536,1,0
247816,1,0
221187,1,0
728575,1,0
228092,1,0
315314,1,0
48775,1,0
324865,1,0
209145,1,0
750071,1,0
254317,1,0
742754,1,0
230871,1,0
246908,1,0
68821,1,0
244383,1,0
255213,1,0
32356,1,0
325401,1,0
546566,1,0
98337,1,0
45908,1,0
709341,1,0
240745,1,0
567972,1,0
762877,1,0
201072,1,0
451670,1,0
323621,1,0
684497,1,0
43465,1,0
209820,1,0
60355,1,0
468038,1,0
709920,1,0
462742,1,0
220253,1,0
33370,1,0
47034,1,0
63319,1,0
157711,1,0
248704,1,0
768616,1,0
51623,1,0
844419,1,0
46921,1,0
736972,1,0
448160,1,0
464690,1,0
501726,1,0
732192,1,0
2037,1,0
188142,1,0
721534,1,0
205775,1,0
450410,1,0
42815,1,0
325839,1,0
251054,1,0
252700,1,0
448681,1,0
768611,1,0
213203,1,0
327040,1,0
696610,1,0
67429,1,0
43604,1,0
47185,1,0
60161,1,0
168577,1,0
568634,1,0
839091,1,0
228759,1,0
186477,1,0
543905,1,0
256730,1,0
243253,1,0
741422,1,0
27203,1,0
253808,1,0
243479,1,0
201146,1,0
386547,1,0
287952,1,0
470657,1,0
452831,1,0
66731,1,0
141622,1,0
247467,1,0
219834,1,0
259151,1,0
445670,1,0
307848,1,0
255240,1,0
699392,1,0
698900,1,0
741995,1,0
685500,1,0
685895,1,0
287478,1,0
291791,1,0
685521,1,0
756777,1,0
357843,1,0
753560,1,0
760760,1,0
755188,1,0
642920,1,0
415198,1,0
685285,1,0
646906,1,0
411932,1,0
420478,1,0
414836,1,0
662868,1,0
405285,1,0
407525,1,0
405654,1,0
415374,1,0
411575,1,0
412258,1,0
662851,1,0
415149,1,0
646148,1,0
640247,1,0
648087,1,0
646718,1,0
655525,1,0
354716,1,0
657072,1,0
710972,1,0
405370,1,0
656237,1,0
712321,1,0
761141,1,0
405670,1,0
411403,1,0
657082,1,0
404443,1,0
647207,1,0
414657,1,0
425028,1,0
414677,1,0
680297,1,0
424714,1,0
420641,1,0
665372,1,0
405564,1,0
417319,1,0
645163,1,0
415237,1,0
767525,1,0
683943,1,0
401923,1,0
404358,1,0
415619,1,0
680081,1,0
411849,1,0
658948,1,0
417319,1,0
401548,1,0
681350,1,0
645039,1,0
665866,1,0
647210,1,0
710905,1,0
646922,1,0
418743,1,0
405388,1,0
661959,1,0
645043,1,0
418689,1,0
711968,1,0
418529,1,0
405451,1,0
655539,1,0
400845,1,0
401200,1,0
657409,1,0
662251,1,0
662226,1,0
420563,1,0
647475,1,0
422431,1,0
414728,1,0
647628,1,0
407151,1,0
647995,1,0
644861,1,0
405141,1,0
685198,1,0
414902,1,0
417433,1,0
419544,1,0
392596,1,0
811612,1,0
737555,1,0
733901,1,0
404614,1,0
738602,1,0
422875,1,0
644144,1,0
811111,1,0
828321,1,0
775356,1,0
387846,1,0
376105,1,0
739085,1,0
392139,1,0
771944,1,0
789285,1,0
812010,1,0
824727,1,0
659755,1,0
659749,1,0
680787,1,0
662157,1,0
345983,1,0
422046,1,0
422227,1,0
409057,1,0
422935,1,0
422908,1,0
397176,1,0
409063,1,0
408198,1,0
407907,1,0
409655,1,0
423821,1,0
423234,1,0
407952,1,0
424615,1,0
408931,1,0
407104,1,0
408596,1,0
711764,1,0
414496,1,0
422025,1,0
422190,1,0
424647,1,0
423268,1,0
409180,1,0
392505,1,0
736560,1,0
754255,1,0
755792,1,0
648794,1,0
650724,1,0
648772,1,0
710829,1,0
640461,1,0
288225,1,0
14933,1,0
1407,1,0
206225,1,0
651981,1,0
789405,1,0
631950,1,0
739717,1,0
700955,1,0
708003,1,0
736349,1,0
788311,1,0
834946,1,0
226696,1,0
